Workbook

Sheet SPECS_LIMITS
A1: Product | B1: Temperature Lower Threshold (°C) | C1: Temperature Upper Threshold (°C) | D1: pH Lower Threshold | E1: pH Upper Threshold | F1: DO Lower Threshold (%) | G1: DO Upper Threshold (%) | H1: Yield Lower Threshold (%) | I1: Purity Lower Threshold (%) | J1: Potency Lower Threshold (%)
A2: mAb_X | B2: 36 | C2: 38 | D2: 6.9 | E2: 7.3 | F2: 30 | G2: 60 | H2: 83 | I2: 95 | J2: 90
A3: mAb_Y | B3: 36 | C3: 38 | D3: 6.9 | E3: 7.3 | F3: 30 | G3: 60 | H3: 84 | I3: 95 | J3: 90
A4: mAb_Z | B4: 35.5 | C4: 37.5 | D4: 6.8 | E4: 7.2 | F4: 30 | G4: 60 | H4: 82 | I4: 94 | J4: 90
A7: Training assumption for portfolio project — not a validated manufacturing specification.

Sheet BATCH_DATA
A2: Batch ID | B2: Product | C2: Production Line | D2: Start Date | E2: End Date | F2: Shift | G2: Temperature (°C) | H2: pH | I2: DO (%) | J2: Yield (%) | K2: Purity (%) | L2: Potency (%) | M2: Temperature Status | N2: pH Status | O2: DO Status | P2: Yield Status | Q2: Purity Status | R2: Potency Status | S2: Overall Status
A3: BATCH-001 | B3: mAb_X | C3: Line_A | D3: 46027.333 | E3: 46029.333 | F3: Day | G3: 37 | H3: 7.1 | I3: 45 | J3: 85 | K3: 97 | L3: 93 | M3: =IF(AND(G3>=VLOOKUP($B3,SPECS_LIMITS!$A$2:$J$4,2,FALSE),G3<=VLOOKUP($B3,SPECS_LIMITS!$A$2:$J$4,3,FALSE)),"PASS","FAIL") -> PASS | N3: =IF(AND(H3>=VLOOKUP($B3,SPECS_LIMITS!$A$2:$J$4,4,FALSE),H3<=VLOOKUP($B3,SPECS_LIMITS!$A$2:$J$4,5,FALSE)),"PASS","FAIL") -> PASS | O3: =IF(AND(I3>=VLOOKUP($B3,SPECS_LIMITS!$A$2:$J$4,6,FALSE),I3<=VLOOKUP($B3,SPECS_LIMITS!$A$2:$J$4,7,FALSE)),"PASS","FAIL") -> PASS | P3: =IF(J3>=VLOOKUP($B3,SPECS_LIMITS!$A$2:$J$4,8,FALSE),"PASS","FAIL") -> PASS | Q3: =IF(K3>=VLOOKUP($B3,SPECS_LIMITS!$A$2:$J$4,9,FALSE),"PASS","FAIL") -> PASS | R3: =IF(L3>=VLOOKUP($B3,SPECS_LIMITS!$A$2:$J$4,10,FALSE),"PASS","FAIL") -> PASS | S3: =IF(COUNTIF(M3:R3,"FAIL")>0,"FAIL","PASS") -> PASS
A4: BATCH-002 | B4: mAb_Y | C4: Line_B | D4: 46030.333 | E4: 46032.333 | F4: Day | G4: 37.2 | H4: 7.05 | I4: 48 | J4: 86.2 | K4: 96.7 | L4: 92.4 | M4: =IF(AND(G4>=VLOOKUP($B4,SPECS_LIMITS!$A$2:$J$4,2,FALSE),G4<=VLOOKUP($B4,SPECS_LIMITS!$A$2:$J$4,3,FALSE)),"PASS","FAIL") -> PASS | N4: =IF(AND(H4>=VLOOKUP($B4,SPECS_LIMITS!$A$2:$J$4,4,FALSE),H4<=VLOOKUP($B4,SPECS_LIMITS!$A$2:$J$4,5,FALSE)),"PASS","FAIL") -> PASS | O4: =IF(AND(I4>=VLOOKUP($B4,SPECS_LIMITS!$A$2:$J$4,6,FALSE),I4<=VLOOKUP($B4,SPECS_LIMITS!$A$2:$J$4,7,FALSE)),"PASS","FAIL") -> PASS | P4: =IF(J4>=VLOOKUP($B4,SPECS_LIMITS!$A$2:$J$4,8,FALSE),"PASS","FAIL") -> PASS | Q4: =IF(K4>=VLOOKUP($B4,SPECS_LIMITS!$A$2:$J$4,9,FALSE),"PASS","FAIL") -> PASS | R4: =IF(L4>=VLOOKUP($B4,SPECS_LIMITS!$A$2:$J$4,10,FALSE),"PASS","FAIL") -> PASS | S4: =IF(COUNTIF(M4:R4,"FAIL")>0,"FAIL","PASS") -> PASS
A5: BATCH-003 | B5: mAb_Z | C5: Line_A | D5: 46033.833 | E5: 46035.833 | F5: Night | G5: 36.4 | H5: 6.95 | I5: 42 | J5: 84.1 | K5: 95.5 | L5: 91.6 | M5: =IF(AND(G5>=VLOOKUP($B5,SPECS_LIMITS!$A$2:$J$4,2,FALSE),G5<=VLOOKUP($B5,SPECS_LIMITS!$A$2:$J$4,3,FALSE)),"PASS","FAIL") -> PASS | N5: =IF(AND(H5>=VLOOKUP($B5,SPECS_LIMITS!$A$2:$J$4,4,FALSE),H5<=VLOOKUP($B5,SPECS_LIMITS!$A$2:$J$4,5,FALSE)),"PASS","FAIL") -> PASS | O5: =IF(AND(I5>=VLOOKUP($B5,SPECS_LIMITS!$A$2:$J$4,6,FALSE),I5<=VLOOKUP($B5,SPECS_LIMITS!$A$2:$J$4,7,FALSE)),"PASS","FAIL") -> PASS | P5: =IF(J5>=VLOOKUP($B5,SPECS_LIMITS!$A$2:$J$4,8,FALSE),"PASS","FAIL") -> PASS | Q5: =IF(K5>=VLOOKUP($B5,SPECS_LIMITS!$A$2:$J$4,9,FALSE),"PASS","FAIL") -> PASS | R5: =IF(L5>=VLOOKUP($B5,SPECS_LIMITS!$A$2:$J$4,10,FALSE),"PASS","FAIL") -> PASS | S5: =IF(COUNTIF(M5:R5,"FAIL")>0,"FAIL","PASS") -> PASS
A6: BATCH-004 | B6: mAb_X | C6: Line_B | D6: 46036.333 | E6: 46038.333 | F6: Day | G6: 36.8 | H6: 7.18 | I6: 55 | J6: 87.3 | K6: 97.4 | L6: 94.2 | M6: =IF(AND(G6>=VLOOKUP($B6,SPECS_LIMITS!$A$2:$J$4,2,FALSE),G6<=VLOOKUP($B6,SPECS_LIMITS!$A$2:$J$4,3,FALSE)),"PASS","FAIL") -> PASS | N6: =IF(AND(H6>=VLOOKUP($B6,SPECS_LIMITS!$A$2:$J$4,4,FALSE),H6<=VLOOKUP($B6,SPECS_LIMITS!$A$2:$J$4,5,FALSE)),"PASS","FAIL") -> PASS | O6: =IF(AND(I6>=VLOOKUP($B6,SPECS_LIMITS!$A$2:$J$4,6,FALSE),I6<=VLOOKUP($B6,SPECS_LIMITS!$A$2:$J$4,7,FALSE)),"PASS","FAIL") -> PASS | P6: =IF(J6>=VLOOKUP($B6,SPECS_LIMITS!$A$2:$J$4,8,FALSE),"PASS","FAIL") -> PASS | Q6: =IF(K6>=VLOOKUP($B6,SPECS_LIMITS!$A$2:$J$4,9,FALSE),"PASS","FAIL") -> PASS | R6: =IF(L6>=VLOOKUP($B6,SPECS_LIMITS!$A$2:$J$4,10,FALSE),"PASS","FAIL") -> PASS | S6: =IF(COUNTIF(M6:R6,"FAIL")>0,"FAIL","PASS") -> PASS
A7: BATCH-005 | B7: mAb_Y | C7: Line_A | D7: 46039.833 | E7: 46041.833 | F7: Night | G7: 37.6 | H7: 6.97 | I7: 34 | J7: 84.8 | K7: 95.8 | L7: 90.7 | M7: =IF(AND(G7>=VLOOKUP($B7,SPECS_LIMITS!$A$2:$J$4,2,FALSE),G7<=VLOOKUP($B7,SPECS_LIMITS!$A$2:$J$4,3,FALSE)),"PASS","FAIL") -> PASS | N7: =IF(AND(H7>=VLOOKUP($B7,SPECS_LIMITS!$A$2:$J$4,4,FALSE),H7<=VLOOKUP($B7,SPECS_LIMITS!$A$2:$J$4,5,FALSE)),"PASS","FAIL") -> PASS | O7: =IF(AND(I7>=VLOOKUP($B7,SPECS_LIMITS!$A$2:$J$4,6,FALSE),I7<=VLOOKUP($B7,SPECS_LIMITS!$A$2:$J$4,7,FALSE)),"PASS","FAIL") -> PASS | P7: =IF(J7>=VLOOKUP($B7,SPECS_LIMITS!$A$2:$J$4,8,FALSE),"PASS","FAIL") -> PASS | Q7: =IF(K7>=VLOOKUP($B7,SPECS_LIMITS!$A$2:$J$4,9,FALSE),"PASS","FAIL") -> PASS | R7: =IF(L7>=VLOOKUP($B7,SPECS_LIMITS!$A$2:$J$4,10,FALSE),"PASS","FAIL") -> PASS | S7: =IF(COUNTIF(M7:R7,"FAIL")>0,"FAIL","PASS") -> PASS
A8: BATCH-006 | B8: mAb_Z | C8: Line_B | D8: 46042.333 | E8: 46044.333 | F8: Day | G8: 37.7 | H8: 7.1 | I8: 51 | J8: 83.6 | K8: 94.8 | L8: 92.1 | M8: =IF(AND(G8>=VLOOKUP($B8,SPECS_LIMITS!$A$2:$J$4,2,FALSE),G8<=VLOOKUP($B8,SPECS_LIMITS!$A$2:$J$4,3,FALSE)),"PASS","FAIL") -> FAIL | N8: =IF(AND(H8>=VLOOKUP($B8,SPECS_LIMITS!$A$2:$J$4,4,FALSE),H8<=VLOOKUP($B8,SPECS_LIMITS!$A$2:$J$4,5,FALSE)),"PASS","FAIL") -> PASS | O8: =IF(AND(I8>=VLOOKUP($B8,SPECS_LIMITS!$A$2:$J$4,6,FALSE),I8<=VLOOKUP($B8,SPECS_LIMITS!$A$2:$J$4,7,FALSE)),"PASS","FAIL") -> PASS | P8: =IF(J8>=VLOOKUP($B8,SPECS_LIMITS!$A$2:$J$4,8,FALSE),"PASS","FAIL") -> PASS | Q8: =IF(K8>=VLOOKUP($B8,SPECS_LIMITS!$A$2:$J$4,9,FALSE),"PASS","FAIL") -> PASS | R8: =IF(L8>=VLOOKUP($B8,SPECS_LIMITS!$A$2:$J$4,10,FALSE),"PASS","FAIL") -> PASS | S8: =IF(COUNTIF(M8:R8,"FAIL")>0,"FAIL","PASS") -> FAIL
A9: BATCH-007 | B9: mAb_X | C9: Line_A | D9: 46045.833 | E9: 46047.833 | F9: Night | G9: 36.3 | H9: 6.92 | I9: 38 | J9: 84.4 | K9: 96.1 | L9: 91.3 | M9: =IF(AND(G9>=VLOOKUP($B9,SPECS_LIMITS!$A$2:$J$4,2,FALSE),G9<=VLOOKUP($B9,SPECS_LIMITS!$A$2:$J$4,3,FALSE)),"PASS","FAIL") -> PASS | N9: =IF(AND(H9>=VLOOKUP($B9,SPECS_LIMITS!$A$2:$J$4,4,FALSE),H9<=VLOOKUP($B9,SPECS_LIMITS!$A$2:$J$4,5,FALSE)),"PASS","FAIL") -> PASS | O9: =IF(AND(I9>=VLOOKUP($B9,SPECS_LIMITS!$A$2:$J$4,6,FALSE),I9<=VLOOKUP($B9,SPECS_LIMITS!$A$2:$J$4,7,FALSE)),"PASS","FAIL") -> PASS | P9: =IF(J9>=VLOOKUP($B9,SPECS_LIMITS!$A$2:$J$4,8,FALSE),"PASS","FAIL") -> PASS | Q9: =IF(K9>=VLOOKUP($B9,SPECS_LIMITS!$A$2:$J$4,9,FALSE),"PASS","FAIL") -> PASS | R9: =IF(L9>=VLOOKUP($B9,SPECS_LIMITS!$A$2:$J$4,10,FALSE),"PASS","FAIL") -> PASS | S9: =IF(COUNTIF(M9:R9,"FAIL")>0,"FAIL","PASS") -> PASS
A10: BATCH-008 | B10: mAb_Y | C10: Line_B | D10: 46048.333 | E10: 46050.333 | F10: Day | G10: 37.9 | H10: 7.28 | I10: 59 | J10: 88 | K10: 98 | L10: 95 | M10: =IF(AND(G10>=VLOOKUP($B10,SPECS_LIMITS!$A$2:$J$4,2,FALSE),G10<=VLOOKUP($B10,SPECS_LIMITS!$A$2:$J$4,3,FALSE)),"PASS","FAIL") -> PASS | N10: =IF(AND(H10>=VLOOKUP($B10,SPECS_LIMITS!$A$2:$J$4,4,FALSE),H10<=VLOOKUP($B10,SPECS_LIMITS!$A$2:$J$4,5,FALSE)),"PASS","FAIL") -> PASS | O10: =IF(AND(I10>=VLOOKUP($B10,SPECS_LIMITS!$A$2:$J$4,6,FALSE),I10<=VLOOKUP($B10,SPECS_LIMITS!$A$2:$J$4,7,FALSE)),"PASS","FAIL") -> PASS | P10: =IF(J10>=VLOOKUP($B10,SPECS_LIMITS!$A$2:$J$4,8,FALSE),"PASS","FAIL") -> PASS | Q10: =IF(K10>=VLOOKUP($B10,SPECS_LIMITS!$A$2:$J$4,9,FALSE),"PASS","FAIL") -> PASS | R10: =IF(L10>=VLOOKUP($B10,SPECS_LIMITS!$A$2:$J$4,10,FALSE),"PASS","FAIL") -> PASS | S10: =IF(COUNTIF(M10:R10,"FAIL")>0,"FAIL","PASS") -> PASS
A11: BATCH-009 | B11: mAb_Z | C11: Line_A | D11: 46051.833 | E11: 46053.833 | F11: Night | G11: 35.7 | H11: 6.83 | I11: 31.5 | J11: 82.4 | K11: 94.2 | L11: 90.2 | M11: =IF(AND(G11>=VLOOKUP($B11,SPECS_LIMITS!$A$2:$J$4,2,FALSE),G11<=VLOOKUP($B11,SPECS_LIMITS!$A$2:$J$4,3,FALSE)),"PASS","FAIL") -> PASS | N11: =IF(AND(H11>=VLOOKUP($B11,SPECS_LIMITS!$A$2:$J$4,4,FALSE),H11<=VLOOKUP($B11,SPECS_LIMITS!$A$2:$J$4,5,FALSE)),"PASS","FAIL") -> PASS | O11: =IF(AND(I11>=VLOOKUP($B11,SPECS_LIMITS!$A$2:$J$4,6,FALSE),I11<=VLOOKUP($B11,SPECS_LIMITS!$A$2:$J$4,7,FALSE)),"PASS","FAIL") -> PASS | P11: =IF(J11>=VLOOKUP($B11,SPECS_LIMITS!$A$2:$J$4,8,FALSE),"PASS","FAIL") -> PASS | Q11: =IF(K11>=VLOOKUP($B11,SPECS_LIMITS!$A$2:$J$4,9,FALSE),"PASS","FAIL") -> PASS | R11: =IF(L11>=VLOOKUP($B11,SPECS_LIMITS!$A$2:$J$4,10,FALSE),"PASS","FAIL") -> PASS | S11: =IF(COUNTIF(M11:R11,"FAIL")>0,"FAIL","PASS") -> PASS
A12: BATCH-010 | B12: mAb_X | C12: Line_B | D12: 46054.333 | E12: 46056.333 | F12: Day | G12: 37.4 | H12: 7.12 | I12: 46 | J12: 86.5 | K12: 94.6 | L12: 93 | M12: =IF(AND(G12>=VLOOKUP($B12,SPECS_LIMITS!$A$2:$J$4,2,FALSE),G12<=VLOOKUP($B12,SPECS_LIMITS!$A$2:$J$4,3,FALSE)),"PASS","FAIL") -> PASS | N12: =IF(AND(H12>=VLOOKUP($B12,SPECS_LIMITS!$A$2:$J$4,4,FALSE),H12<=VLOOKUP($B12,SPECS_LIMITS!$A$2:$J$4,5,FALSE)),"PASS","FAIL") -> PASS | O12: =IF(AND(I12>=VLOOKUP($B12,SPECS_LIMITS!$A$2:$J$4,6,FALSE),I12<=VLOOKUP($B12,SPECS_LIMITS!$A$2:$J$4,7,FALSE)),"PASS","FAIL") -> PASS | P12: =IF(J12>=VLOOKUP($B12,SPECS_LIMITS!$A$2:$J$4,8,FALSE),"PASS","FAIL") -> PASS | Q12: =IF(K12>=VLOOKUP($B12,SPECS_LIMITS!$A$2:$J$4,9,FALSE),"PASS","FAIL") -> FAIL | R12: =IF(L12>=VLOOKUP($B12,SPECS_LIMITS!$A$2:$J$4,10,FALSE),"PASS","FAIL") -> PASS | S12: =IF(COUNTIF(M12:R12,"FAIL")>0,"FAIL","PASS") -> FAIL
A13: BATCH-011 | B13: mAb_Y | C13: Line_A | D13: 46057.833 | E13: 46059.833 | F13: Night | G13: 36.6 | H13: 7.22 | I13: 53 | J13: 85.1 | K13: 96 | L13: 93.5 | M13: =IF(AND(G13>=VLOOKUP($B13,SPECS_LIMITS!$A$2:$J$4,2,FALSE),G13<=VLOOKUP($B13,SPECS_LIMITS!$A$2:$J$4,3,FALSE)),"PASS","FAIL") -> PASS | N13: =IF(AND(H13>=VLOOKUP($B13,SPECS_LIMITS!$A$2:$J$4,4,FALSE),H13<=VLOOKUP($B13,SPECS_LIMITS!$A$2:$J$4,5,FALSE)),"PASS","FAIL") -> PASS | O13: =IF(AND(I13>=VLOOKUP($B13,SPECS_LIMITS!$A$2:$J$4,6,FALSE),I13<=VLOOKUP($B13,SPECS_LIMITS!$A$2:$J$4,7,FALSE)),"PASS","FAIL") -> PASS | P13: =IF(J13>=VLOOKUP($B13,SPECS_LIMITS!$A$2:$J$4,8,FALSE),"PASS","FAIL") -> PASS | Q13: =IF(K13>=VLOOKUP($B13,SPECS_LIMITS!$A$2:$J$4,9,FALSE),"PASS","FAIL") -> PASS | R13: =IF(L13>=VLOOKUP($B13,SPECS_LIMITS!$A$2:$J$4,10,FALSE),"PASS","FAIL") -> PASS | S13: =IF(COUNTIF(M13:R13,"FAIL")>0,"FAIL","PASS") -> PASS
A14: BATCH-012 | B14: mAb_Z | C14: Line_B | D14: 46060.333 | E14: 46062.333 | F14: Day | G14: 37.2 | H14: 7.18 | I14: 57 | J14: 86 | K14: 96.4 | L14: 94 | M14: =IF(AND(G14>=VLOOKUP($B14,SPECS_LIMITS!$A$2:$J$4,2,FALSE),G14<=VLOOKUP($B14,SPECS_LIMITS!$A$2:$J$4,3,FALSE)),"PASS","FAIL") -> PASS | N14: =IF(AND(H14>=VLOOKUP($B14,SPECS_LIMITS!$A$2:$J$4,4,FALSE),H14<=VLOOKUP($B14,SPECS_LIMITS!$A$2:$J$4,5,FALSE)),"PASS","FAIL") -> PASS | O14: =IF(AND(I14>=VLOOKUP($B14,SPECS_LIMITS!$A$2:$J$4,6,FALSE),I14<=VLOOKUP($B14,SPECS_LIMITS!$A$2:$J$4,7,FALSE)),"PASS","FAIL") -> PASS | P14: =IF(J14>=VLOOKUP($B14,SPECS_LIMITS!$A$2:$J$4,8,FALSE),"PASS","FAIL") -> PASS | Q14: =IF(K14>=VLOOKUP($B14,SPECS_LIMITS!$A$2:$J$4,9,FALSE),"PASS","FAIL") -> PASS | R14: =IF(L14>=VLOOKUP($B14,SPECS_LIMITS!$A$2:$J$4,10,FALSE),"PASS","FAIL") -> PASS | S14: =IF(COUNTIF(M14:R14,"FAIL")>0,"FAIL","PASS") -> PASS
... A17: BATCH-015 | B17: mAb_Z | C17: Line_A | D17: 46069.833 | E17: 46071.833 | F17: Night | G17: 36 | H17: 7 | I17: 49 | J17: 81.5 | K17: 95 | L17: 92.8 | M17: =IF(AND(G17>=VLOOKUP($B17,SPECS_LIMITS!$A$2:$J$4,2,FALSE),G17<=VLOOKUP($B17,SPECS_LIMITS!$A$2:$J$4,3,FALSE)),"PASS","FAIL") -> PASS | N17: =IF(AND(H17>=VLOOKUP($B17,SPECS_LIMITS!$A$2:$J$4,4,FALSE),H17<=VLOOKUP($B17,SPECS_LIMITS!$A$2:$J$4,5,FALSE)),"PASS","FAIL") -> PASS | O17: =IF(AND(I17>=VLOOKUP($B17,SPECS_LIMITS!$A$2:$J$4,6,FALSE),I17<=VLOOKUP($B17,SPECS_LIMITS!$A$2:$J$4,7,FALSE)),"PASS","FAIL") -> PASS | P17: =IF(J17>=VLOOKUP($B17,SPECS_LIMITS!$A$2:$J$4,8,FALSE),"PASS","FAIL") -> FAIL | Q17: =IF(K17>=VLOOKUP($B17,SPECS_LIMITS!$A$2:$J$4,9,FALSE),"PASS","FAIL") -> PASS | R17: =IF(L17>=VLOOKUP($B17,SPECS_LIMITS!$A$2:$J$4,10,FALSE),"PASS","FAIL") -> PASS | S17: =IF(COUNTIF(M17:R17,"FAIL")>0,"FAIL","PASS") -> FAIL

Sheet KPI_SUMMARY
A1: Batch Performance Summary | D1: Product Level Performance Summary
A4: KPI | B4: Value | D4: Product | E4: Total Batches | F4: Passing | G4: Failing | H4: Pass Rate
A5: Total Batches | B5: =COUNTA(BatchData[Batch ID]) -> 15 | D5: mAb_X | E5: =COUNTIF(BatchData[Product],D5) -> 5 | F5: =COUNTIFS(BatchData[Product],D5,BatchData[Overall Status],"PASS") -> 3 | G5: =COUNTIFS(BatchData[Product],D5,BatchData[Overall Status],"FAIL") -> 2 | H5: =F5/E5 -> 0.6
A6: Passing Batches | B6: =COUNTIF(BatchData[Overall Status],"PASS") -> 11 | D6: mAb_Y | E6: =COUNTIF(BatchData[Product],D6) -> 5 | F6: =COUNTIFS(BatchData[Product],D6,BatchData[Overall Status],"PASS") -> 5 | G6: =COUNTIFS(BatchData[Product],D6,BatchData[Overall Status],"FAIL") -> 0 | H6: =F6/E6 -> 1
A7: Failing Batches | B7: =COUNTIF(BatchData[Overall Status],"FAIL") -> 4 | D7: mAb_Z | E7: =COUNTIF(BatchData[Product],D7) -> 5 | F7: =COUNTIFS(BatchData[Product],D7,BatchData[Overall Status],"PASS") -> 3 | G7: =COUNTIFS(BatchData[Product],D7,BatchData[Overall Status],"FAIL") -> 2 | H7: =F7/E7 -> 0.6
A8: Overall Pass Rate | B8: =(B6/B5) -> 0.73333333
A9: Overall Failing Rate | B9: =B7/B5 -> 0.26666667
D10: Production Line Summary
A12: Parameter Failure Summary | D12: Production Line | E12: Total Batches | F12: Passing | G12: Failing | H12: Pass Rate
D13: Line_A | E13: =COUNTIF(BatchData[Production Line],D13) -> 8 | F13: =COUNTIFS(BatchData[Production Line],D13,BatchData[Overall Status],"PASS") -> 6 | G13: =COUNTIFS(BatchData[Production Line],D13,BatchData[Overall Status],"FAIL") -> 2 | H13: =F13/E13 -> 0.75
A14: Parameter | B14: Failures | D14: Line_B | E14: =COUNTIF(BatchData[Production Line],D14) -> 7 | F14: =COUNTIFS(BatchData[Production Line],D14,BatchData[Overall Status],"PASS") -> 5 | G14: =COUNTIFS(BatchData[Production Line],D14,BatchData[Overall Status],"FAIL") -> 2 | H14: =F14/E14 -> 0.71428571
A15: Temperature | B15: =COUNTIF(BatchData[Temperature Status],"FAIL") -> 1
A16: pH | B16: =COUNTIF(BatchData[pH Status],"FAIL") -> 1
A17: DO | B17: =COUNTIF(BatchData[DO Status],"FAIL") -> 0
A18: Yield | B18: =COUNTIF(BatchData[Yield Status],"FAIL") -> 1
A19: Purity | B19: =COUNTIF(BatchData[Purity Status],"FAIL") -> 1
A20: Potency | B20: =COUNTIF(BatchData[Potency Status],"FAIL") -> 0
D21: Average Process Conditions
A23: Average Quality Results | D23: Parameter | E23: Average
D24: Temperature | E24: =AVERAGE(BatchData[Temperature (°C)]) -> 36.92
A25: Parameter | B25: Average | D25: pH | E25: =AVERAGE(BatchData[pH]) -> 7.0766667
A26: Yield | B26: =AVERAGE(BatchData[Yield (%)]) -> 84.84 | D26: DO | E26: =AVERAGE(BatchData[DO (%)]) -> 45.9
A27: Purity | B27: =AVERAGE(BatchData[Purity (%)]) -> 95.853333
A28: Potency | B28: =AVERAGE(BatchData[Potency (%)]) -> 92.313333

Sheet DASHBOARD
A1: Biopharma Batch Performance Dashboard
